ID,Position X,Position Y,Position Z,raw int ch1,raw int ch2,raw int ch3,raw int ch4,norm in ch2,norm int ch3,norm int ch4,binary fate 1,binary fate 2,binary fate 3,outside_bool,num_nbrs,num_nbrs_outside,num_nbrs_inside,nbr_ids,nbr_dist_mean,nbr_dist_range
3,2501.199951171875,1787.699951171875,3190.72998046875,1310.050048828125,228.43499755859375,450.6029968261719,1604.0,0.17437119884307856,0.34395861229061314,1.2243807031913179,0,1,0,1.0,11.0,6.0,5.0,[  9  14  15  17  19  21  50  51  62 195 196],20.191972251699873,19.26819970679503
9,2496.820068359375,1792.1800537109375,3207.159912109375,512.2999877929688,193.28700256347656,327.07501220703125,1077.3299560546875,0.3772926159849684,0.63844430997568,2.102927936219392,0,1,0,1.0,9.0,6.0,3.0,[  3  17  19  21  50  51  56  59 196],22.850016134404395,18.98849037923965
14,2528.360107421875,1787.3199462890625,3181.239990234375,1383.8599853515625,304.5140075683594,623.927001953125,1276.6600341796875,0.22004683334419786,0.4508599197588762,0.9225355510625294,0,1,0,1.0,14.0,9.0,5.0,[  3  15  16  17  19  34  60  62  66 187 191 193 194 195],20.67684826052575,18.31943454638167
15,2517.169921875,1792.9000244140625,3184.68994140625,958.8569946289062,209.6959991455078,1137.2900390625,131.86900329589844,0.21869371587226485,1.1860893182540222,0.1375272892981648,1,1,0,0.0,9.0,5.0,4.0,[  3  14  17  50  60  62 187 194 195],15.671633419154688,11.803078917491584
16,2542.0400390625,1783.52001953125,3190.330078125,1011.9199829101562,232.39700317382812,890.1380004882812,194.77699279785156,0.22965946626084327,0.8796525570414717,0.19248260345417542,0,1,0,1.0,9.0,7.0,2.0,[ 14  19  20  34  60  66 191 192 193],17.01755002706568,19.561491387676774
17,2515.02001953125,1777.219970703125,3193.969970703125,927.2969970703125,245.1719970703125,1590.5699462890625,163.62399291992188,0.26439425323807264,1.7152756358688577,0.1764526289170276,1,0,0,1.0,10.0,5.0,5.0,[  3   9  14  15  19  21 191 194 195 196],17.345454126049752,18.047799314219645
19,2518.139892578125,1771.699951171875,3200.2900390625,1013.0599975585938,205.3780059814453,418.0880126953125,1844.4100341796875,0.20273034812981705,0.41269817553044874,1.8206325771667928,0,1,0,1.0,8.0,7.0,1.0,[  3   9  14  16  17  20  21 191],21.140895097279785,21.398181645658838
20,2539.889892578125,1778.3399658203125,3203.8798828125,573.1510009765625,233.35699462890625,383.96600341796875,1128.5899658203125,0.4071474955662666,0.6699211948749088,1.9690970859291288,1,0,0,1.0,7.0,4.0,3.0,[ 16  19  21  34 191 192 194],19.392512480824223,14.935566329783596
21,2515.010009765625,1782.02001953125,3205.85009765625,518.8670043945312,167.86700439453125,594.7100219726562,576.8909912109375,0.3235260731030993,1.1461704385435467,1.1118282456293684,0,0,0,0.0,10.0,7.0,3.0,[  3   9  17  19  20  59 191 194 195 196],19.015525349399987,16.49467034971078
34,2553.090087890625,1794.8800048828125,3193.10009765625,1217.6199951171875,220.16099548339844,360.5090026855469,1738.449951171875,0.18081256579743457,0.2960767761134297,1.4277442536614728,1,0,0,1.0,7.0,6.0,1.0,[ 14  16  20  63  66 190 192],19.89708869750365,17.819390003345916
50,2504.72998046875,1803.699951171875,3189.780029296875,800.344970703125,195.58399963378906,835.8250122070312,374.41400146484375,0.24437462193579246,1.0443309357872719,0.46781577341069663,1,0,1,0.0,10.0,5.0,5.0,[  3   9  15  51  56  62  67 187 195 196],17.447232385975617,14.626199119633885
51,2496.4599609375,1813.3399658203125,3190.840087890625,977.8679809570312,197.82200622558594,285.8290100097656,1925.1300048828125,0.2022992981444992,0.2922981584180997,1.9687013404393339,0,1,1,1.0,8.0,5.0,3.0,[  3   9  50  56  61  62  67 196],21.739447978706963,13.979211271092101
56,2493.35009765625,1818.8800048828125,3209.510009765625,455.9679870605469,134.71299743652344,191.2169952392578,1131.52001953125,0.29544398128686,0.4193649568952449,2.481577767829122,0,0,1,1.0,6.0,3.0,3.0,[  9  50  51  59  67 196],25.638904742216738,10.3881200804869
59,2508.659912109375,1805.800048828125,3220.469970703125,113.5270004272461,87.62940216064453,80.13520050048828,427.15899658203125,0.7718815949585661,0.7058690901627672,3.7626203015535196,0,1,1,1.0,5.0,2.0,3.0,[  9  21  56  67 196],25.103737788965134,6.203677926372897
60,2535.280029296875,1802.8800048828125,3181.050048828125,1031.449951171875,249.5679931640625,1245.530029296875,174.156005859375,0.2419584128929547,1.2075525602398587,0.16884581327626105,0,0,1,1.0,13.0,6.0,7.0,[ 14  15  16  61  62  63  64  66 187 189 192 193 194],18.528180221513654,22.530926367835626
61,2516.760009765625,1826.0799560546875,3182.610107421875,1125.3499755859375,183.95399475097656,230.12399291992188,936.2529907226562,0.16346381014066044,0.2044910453746648,0.8319660648103503,0,1,0,1.0,8.0,6.0,2.0,[ 51  60  62  63  64  65  67 103],23.88741037637937,15.058597391432096
62,2515.070068359375,1809.489990234375,3183.070068359375,914.9000244140625,232.81399536132812,1071.4000244140625,154.4459991455078,0.2544693290509324,1.1710569415496832,0.16881188657134535,0,0,0,1.0,10.0,5.0,5.0,[  3  14  15  50  51  60  61  64  67 187],18.46645170146933,15.626703548590585
63,2544.409912109375,1817.5,3182.719970703125,1320.47998046875,249.51300048828125,408.9859924316406,2005.4000244140625,0.18895629178695159,0.3097252502733566,1.5186902142220864,0,0,0,1.0,8.0,6.0,2.0,[ 34  60  61  64  65  66 189 190],17.815596607694573,16.78606600941957
64,2529.719970703125,1819.530029296875,3184.679931640625,682.2919921875,203.5540008544922,832.3330078125,143.91700744628906,0.29833854593819376,1.2199073378304686,0.2109316965378356,0,1,0,0.0,10.0,7.0,3.0,[ 60  61  62  63  65  67 103 187 189 190],18.57109820728602,16.608125751186698
65,2545.239990234375,1828.93994140625,3187.389892578125,1009.1199951171875,218.82400512695312,225.24600219726562,1102.260009765625,0.2168463673158527,0.22321032512204672,1.0922982550133904,1,0,0,1.0,5.0,4.0,1.0,[ 61  63  64  66 190],20.196951825235423,16.635322566796674
66,2548.93994140625,1803.4200439453125,3188.320068359375,941.541015625,233.26300048828125,1033.6500244140625,191.29600524902344,0.24774597879141783,1.0978279302340537,0.20317331064121527,0,1,0,1.0,10.0,7.0,3.0,[ 14  16  34  60  63  65 189 190 192 193],17.901058328734955,16.441210679788014
67,2515.429931640625,1811.260009765625,3196.6201171875,479.552001953125,244.8260040283203,296.97698974609375,853.2780151367188,0.5105306682720333,0.6192800541683955,1.7793232259723202,0,0,1,0.0,13.0,7.0,6.0,[ 50  51  56  59  61  62  64 103 187 190 194 195 196],21.547417368932244,21.080800738651767
103,2519.6298828125,1842.9599609375,3202.5400390625,828.4910278320312,161.77099609375,180.96299743652344,1187.6400146484375,0.19525980446290064,0.21842481252942667,1.4334977383596004,0,1,1,1.0,3.0,1.0,2.0,[61 64 67],29.978723208621034,6.245383266791638
187,2522.85009765625,1805.3900146484375,3190.18994140625,640.7860107421875,211.11399841308594,926.010986328125,269.79998779296875,0.3294609977027496,1.4451173571276579,0.4210453775051583,0,0,1,0.0,11.0,4.0,7.0,[ 14  15  50  60  62  64  67 189 190 194 195],16.256446829099044,13.971889861615056
189,2535.840087890625,1806.5899658203125,3187.18994140625,768.4730224609375,220.3699951171875,1071.9300537109375,161.79400634765625,0.28676347597926144,1.3948831284645715,0.2105396046689205,1,1,1,0.0,9.0,4.0,5.0,[ 60  63  64  66 187 190 192 193 194],14.838460346439835,12.367543900283678
190,2545.679931640625,1815.3199462890625,3194.6201171875,600.8880004882812,243.3280029296875,371.5870056152344,1377.68994140625,0.40494734914320024,0.618396448777947,2.2927566206792944,1,0,1,1.0,10.0,4.0,6.0,[ 34  63  64  65  66  67 187 189 192 194],20.832915248120848,18.745576153475497
191,2531.52001953125,1776.43994140625,3198.199951171875,576.697998046875,229.8070068359375,691.708984375,156.16600036621094,0.39848760983085363,1.1994301813386505,0.2707933804089909,1,1,1,1.0,9.0,5.0,4.0,[ 14  16  17  19  20  21 192 193 194],16.467582646071854,10.104014172678776
192,2541.469970703125,1791.77001953125,3195.18994140625,561.2589721679688,214.08099365234375,942.4639892578125,144.69400024414062,0.3814299713114883,1.6791962997355168,0.25780256070603685,1,0,1,0.0,10.0,7.0,3.0,[ 16  20  34  60  66 189 190 191 193 194],15.87680909456085,14.612173815710822
193,2534.97998046875,1788.8199462890625,3189.18994140625,850.2999877929688,220.75900268554688,1285.280029296875,252.10400390625,0.2596248451779319,1.5115606818164689,0.29648830709807367,1,0,1,0.0,8.0,5.0,3.0,[ 14  16  60  66 189 191 192 194],13.91858802834097,11.317480470534237
194,2524.60009765625,1792.719970703125,3195.18994140625,491.8710021972656,265.7179870605469,1124.989990234375,124.1780014038086,0.5402188498072514,2.2871646940129966,0.25246050458166025,1,0,0,0.0,15.0,6.0,9.0,[ 14  15  17  20  21  60  67 187 189 190 191 192 193 195 196],18.039586700939974,21.347566320087445
195,2515.75,1789.699951171875,3193.18994140625,629.8489990234375,213.68699645996094,1055.1400146484375,121.18000030517578,0.3392670255748225,1.6752269453224524,0.19239532093098796,1,0,0,0.0,10.0,3.0,7.0,[  3  14  15  17  21  50  67 187 194 196],14.939313023190365,12.640817956061197
196,2503.760009765625,1792.989990234375,3198.199951171875,592.0880126953125,237.02000427246094,1021.3400268554688,244.9029998779297,0.40031211439916625,1.7249800789009533,0.4136260059768451,1,0,0,0.0,11.0,6.0,5.0,[  3   9  17  21  50  51  56  59  67 194 195],18.830570767418905,20.604733213770388
